<?xml version="1.0" encoding="UTF-8"?>
<!DOCTYPE mapper
PUBLIC "-//mybatis.org//DTD Mapper 3.0//EN"
"http://mybatis.org/dtd/mybatis-3-mapper.dtd">

<mapper namespace="com.inhatc.mapper.Movie201944036Mapper">

	<insert id="insertMovie">
		insert into tbl_201944036_movie (movieid, moviecategory, moviename, movieprice, moviesit ) values
		(#{movieid}, #{moviecategory}, #{moviename}, #{movieprice}, #{moviesit})
	</insert>
	
	<select id="readMovie" resultType="com.inhatc.domain.MovieVO">
		select * from tbl_201944036_movie where movieid = #{movieid}
	</select>
	
	<update id="update">
		update tbl_201944036_movie set moviecategory = #{moviecategory}, 
		moviename = #{moviename}, movieprice = #{movieprice}, moviesit = #{moviesit} where movieid = #{movieid}
	</update>
	
	<delete id="delete">
		delete from tbl_201944036_movie where movieid = #{movieid}
	</delete>
	
	<select id="listMovie" resultType="com.inhatc.domain.MovieVO">
		<![CDATA[
			select * from tbl_201944036_movie
		]]>
	</select>
	
	<select id="countMovie" resultType="int">
		select count(*) from tbl_201944036_movie
	</select>
	
</mapper>