<?xml version="1.0" encoding="UTF-8"?>
<!DOCTYPE mapper
PUBLIC "-//mybatis.org//DTD Mapper 3.0//EN"
"http://mybatis.org/dtd/mybatis-3-mapper.dtd">

<mapper namespace="com.inhatc.mapper.StudentInfoMapper">

	<insert id="insertStudent">
		insert into tbl_studentinfo (studentid, studentname, address, phone, email ) values
		(#{studentid}, #{studentname}, #{address}, #{phone}, #{email})
	</insert>
	
	<select id="readStudent" resultType="com.inhatc.domain.StudentVO">
		select * from tbl_studentinfo where studentid = #{studentid}
	</select>
	
	<update id="update">
		update tbl_studentinfo set studentname = #{studentname}, 
		address = #{address}, phone = #{phone}, email = #{email} where studentid = #{studentid}
	</update>
	
	<delete id="delete">
		delete from tbl_studentinfo where studentid = #{studentid}
	</delete>
	
	<select id="listStudent" resultType="com.inhatc.domain.StudentVO">
		<![CDATA[
			select * from tbl_studentinfo
		]]>
	</select>
	
	<select id="countStudent" resultType="int">
		select count(*) from tbl_studentinfo
	</select>
	
</mapper>